<?xml version="1.0" encoding="UTF-8"?>
<!DOCTYPE vnuml SYSTEM "/usr/share/xml/vnuml/vnuml.dtd">

<vnuml>
  <global>
    <version>1.8</version>
    <simulation_name>dynavnuml</simulation_name>
    <automac/>
    <vm_mgmt type="none" />
    <vm_defaults>
       <filesystem type="cow">/usr/share/vnuml/filesystems/root_fs_tutorial</filesystem>
       <kernel>/usr/share/vnuml/kernels/linux</kernel>
       <console id="0">xterm</console>
<!--        <xterm>/usr/bin/konsole,-T,-e</xterm> -->
       <!--xterm>gnome-terminal,-t,-x</xterm-->
    </vm_defaults>
  </global>

  <net name="Net0" mode="virtual_bridge" />
  <net name="Net1" mode="virtual_bridge" />

  <vm name="PC1">
    <xterm>xterm,-T PC1,-e</xterm>
    <if id="1" net="Net0">
      <ipv4 mask="255.255.255.0">10.1.10.10</ipv4>
    </if>
    <route type="ipv4" gw="10.1.10.1">default</route>
  </vm>

  <vm name="PC2">
    <xterm>xterm,-T PC2,-e</xterm>
    <if id="1" net="Net1">
      <ipv4 mask="255.255.255.0">10.1.20.10</ipv4>
    </if>
    <route type="ipv4" gw="10.1.20.1">default</route>
  </vm>


</vnuml>